rs6413432,rs780094,rs738409,rs3813867,rs1260326,Gender,Category
TT,GG,GG,GG,CT,Male,Patient
TT,GG,CC,GG,CT,Female,Patient
TT,GG,CC,GG,TT,Female,Patient
TT,GG,CC,GG,TT,Female,Patient
TT,GG,GG,GG,TT,Female,Patient
TT,GG,GG,GG,TT,Male,Patient
TT,GG,GG,GG,CT,Male,Patient
TT,GG,CC,GG,CT,Female,Patient
TT,GG,CC,GG,TT,Male,Patient
TT,GG,GG,GG,CT,Male,Patient
TA,GG,CG,GG,CT,Female,Patient
TT,GG,CC,GG,CT,Male,Patient
TT,GG,GG,GG,TT,Male,Patient
TT,GG,GG,GG,CT,Male,Patient
TT,GG,CC,GG,CT,Female,Patient
TT,GG,GG,GG,CT,Female,Patient
TT,GG,CG,GG,CT,Female,Patient
TA,GG,CG,GG,CT,Female,Patient
TT,GG,CG,GG,CT,Female,Patient
TT,GG,CG,GG,CT,Male,Patient
TA,GG,CC,GC,TT,Male,Patient
TT,GG,CC,GG,CT,Male,Patient
TA,GG,GG,GG,TT,Male,Patient
TA,GG,CC,GG,TT,Female,Patient
TA,GG,GG,GG,CT,Female,Patient
TA,GG,CC,GC,TT,Male,Patient
TA,GA,CC,GG,TT,Female,Patient
TA,GG,GG,GG,CT,Female,Patient
TT,GG,GG,GG,CT,Male,Patient
TT,GG,GG,GG,CT,Female,Patient
TA,GG,CG,GG,CT,Female,Patient
TA,GG,GG,GG,CC,Female,Patient
TT,GG,CC,GG,CT,Male,Patient
TT,GG,GG,GG,CT,Female,Patient
TT,GG,GG,GG,CT,Male,Patient
TT,GG,GG,GG,CC,Male,Patient
TT,GG,GG,GG,CT,Female,Patient
TT,GG,CC,GG,TT,Male,Patient
TT,GG,CC,GG,TT,Male,Patient
TT,GG,CC,GG,CT,Male,Patient
TT,GG,GG,GC,CT,Male,Patient
TA,GG,CC,GC,CT,Male,Patient
TT,GG,GG,GG,CT,Male,Patient
TT,GG,CC,GG,TT,Male,Patient
TT,GG,CG,GG,CC,Male,Patient
TT,AA,CG,GG,CT,Male,Patient
TT,GG,CG,GG,CT,Male,Patient
TT,GG,GG,GG,CT,Male,Patient
TT,AA,GG,GG,CC,Male,Patient
TT,GG,GG,GG,TT,Male,Patient
TT,GG,CG,GG,CT,Male,Patient
TT,GG,CC,GG,TT,Male,Patient
TA,AA,CG,GG,TT,Male,Patient
TT,GG,GG,GG,CC,Male,Patient
TA,GG,CC,GG,CT,Male,Patient
TA,GG,CG,GG,TT,Male,Patient
TT,GG,GG,GG,CT,Male,Patient
TT,GG,GG,GG,CT,Male,Patient
TT,GG,GG,GG,CT,Male,Patient
TA,GG,CC,GC,CT,Male,Patient
TA,GG,GG,GG,CC,Male,Patient
TA,GG,GG,GG,TT,Male,Patient
TT,GG,GG,GG,CT,Male,Patient
TT,GG,CC,GG,TT,Male,Patient
TT,GG,CC,GG,TT,Female,Patient
TT,GG,CG,GG,TT,Female,Patient
TT,GG,CC,GG,TT,Female,Patient
TT,GG,GG,GG,TT,Female,Patient
TT,GG,CG,GG,TT,Female,Patient
TT,GG,CC,GG,CT,Female,Patient
TA,GG,GG,GG,CC,Female,Patient
TT,GG,CC,GG,CT,Female,Patient
TT,GG,GG,GG,TT,Female,Patient
TA,GG,CC,GG,TT,Female,Patient
TA,GG,CG,GG,CC,Female,Patient
TT,GG,CC,GG,TT,Female,Patient
TT,GA,GG,GG,CT,Female,Patient
TT,GG,CG,GG,CT,Female,Patient
TT,GG,CC,GG,TT,Female,Patient
TT,GG,GG,GG,TT,Female,Patient
TT,GG,CC,GG,CT,Female,Patient
TT,GG,CC,GG,CT,Female,Patient
TT,GG,GG,GG,TT,Female,Patient
TA,GG,GG,GG,CT,Female,Patient
TT,GG,CC,GG,TT,Female,Patient
TA,GG,GG,GG,CT,Female,Patient
TT,GG,CG,GG,TT,Female,Patient
TT,AA,GG,GG,TT,Female,Patient
TT,GG,CC,GG,CT,Male,Patient
TT,GG,CG,GG,CT,Male,Patient
TT,GG,CG,GG,CT,Male,Patient
TT,GG,CG,GG,CT,Male,Patient
TT,GG,GG,GG,CC,Male,Patient
TT,GG,CC,GG,CT,Male,Patient
TT,GG,CG,GG,CT,Male,Patient
TT,GG,CC,GG,CT,Male,Patient
TT,GG,GG,GG,CT,Male,Patient
TA,GG,GG,GG,CT,Male,Patient
TT,GG,GG,GG,TT,Male,Patient
TT,GG,GG,GG,TT,Female,Patient
TT,GG,CC,GG,CT,Female,Patient
TT,GG,GG,GG,CT,Female,Patient
TT,GG,CC,GG,CT,Female,Patient
TT,GG,GG,GG,CT,Female,Patient
TA,GG,CG,GG,TT,Female,Patient
TA,GG,CC,GG,CC,Female,Patient
TA,GG,GG,GG,TT,Female,Patient
TT,GG,CC,GG,CC,Female,Patient
TT,GG,CG,GG,CT,Female,Patient
TT,GG,GG,GG,CT,Female,Patient
TT,GG,GG,GG,CT,Female,Patient
TT,GG,CG,GG,CT,Female,Patient
TT,GG,CC,GG,CT,Female,Patient
TT,GG,GG,GG,CC,Female,Patient
TT,GG,CG,GG,CT,Female,Patient
TT,GG,GG,GG,TT,Female,Patient
TT,GG,CG,GG,CT,Female,Patient
TT,GG,CG,GG,TT,Female,Patient
TT,GG,CC,GG,TT,Female,Patient
TT,GG,GG,GG,TT,Female,Patient
TT,GG,GG,GG,CC,Female,Patient
TT,GG,CG,GG,CC,Male,Patient
TT,GG,GG,GG,CT,Male,Patient
TA,GG,GG,GG,CC,Male,Patient
TA,GG,GG,GG,TT,Male,Patient
TT,GG,CG,GG,TT,Male,Patient
TT,GG,CG,GG,TT,Male,Patient
TT,GG,CG,GG,CC,Male,Patient
TT,GG,GG,GG,TT,Male,Patient
TT,GG,CC,GG,TT,Male,Patient
TT,GG,CC,GG,TT,Male,Patient
TT,GG,CC,GG,TT,Male,Patient
TA,GG,CG,GG,CC,Female,Patient
TT,GG,CC,GG,TT,Female,Patient
TT,GG,CG,GG,CT,Female,Patient
TT,GG,CC,GG,CT,Female,Patient
TT,GG,CG,GG,CC,Female,Patient
TT,GG,CG,GG,TT,Female,Patient
TT,GG,CC,GG,TT,Female,Patient
TT,GG,CG,GG,TT,Female,Patient
TT,GG,CC,GG,CT,Female,Patient
TT,GG,CC,GG,CT,Female,Patient
TT,GG,GG,GG,TT,Female,Patient
TT,GG,CG,GG,CT,Female,Patient
TT,GG,CC,GG,TT,Female,Patient
TT,GG,CC,GG,TT,Female,Patient
TT,GG,CC,GG,CC,Female,Patient
TT,GG,CG,GG,CT,Female,Patient
TT,GG,CG,GG,TT,Female,Patient
TT,GG,CG,GG,TT,Female,Patient
TT,GG,GG,GG,TT,Female,Patient
TT,GG,CG,GG,TT,Female,Patient
TT,GG,CC,GG,TT,Female,Patient
TT,GG,CG,GG,TT,Female,Patient
TT,GG,CG,GG,TT,Female,Patient
AA,GG,CC,GG,CC,Female,Patient
TT,GG,CG,GG,CC,Male,Patient
TT,GG,CG,GG,CT,Male,Patient
TT,GG,CC,GC,CT,Male,Patient
AA,GG,CG,GG,CC,Male,Patient
TT,GG,CG,GG,CC,Male,Patient
TA,GG,CG,GG,TT,Male,Patient
TT,GG,CC,GG,CT,Male,Patient
TT,GG,CC,GG,CT,Male,Patient
TT,GG,GG,GG,CT,Male,Patient
TT,GG,CC,GG,TT,Male,Patient
TT,GG,CC,GG,TT,Male,Patient
TT,GG,CG,GG,CT,Male,Patient
TT,GG,CC,GG,TT,Male,Patient
TT,GG,CG,GG,CT,Female,Patient
TT,GG,CC,GG,CT,Female,Patient
TT,GG,GG,GG,CT,Female,Patient
TT,GG,CG,GG,TT,Female,Patient
TT,GG,CC,GG,CC,Female,Patient
TT,GG,CC,GG,CT,Female,Patient
TT,GG,CG,GG,CT,Female,Patient
TT,GG,CG,GG,TT,Female,Patient
TT,GG,CC,GG,CT,Female,Patient
TT,GG,CC,GG,TT,Female,Patient
TT,GG,GG,GG,CT,Female,Patient
TT,GG,CG,GG,CT,Female,Patient
TT,GG,CC,GG,CT,Female,Patient
TT,GG,GG,GG,TT,Female,Patient
TT,GG,CG,GG,CT,Female,Patient
TT,GG,CG,GG,TT,Female,Patient
TT,GG,CC,GG,TT,Female,Patient
TT,GG,CC,GG,CT,Female,Patient
TT,GG,GG,GG,TT,Female,Patient
AA,GG,CC,GG,CT,Female,Patient
TA,GG,GG,GG,TT,Female,Patient
TT,GG,CC,GG,CT,Female,Patient
TT,GG,CC,GG,CT,Female,Patient
TT,GG,GG,GG,CC,Female,Patient
TT,GG,CG,GG,CC,Male,Patient
TT,GG,GG,GG,TT,Male,Patient
TT,GG,GG,GG,TT,Male,Patient
TT,GG,CC,GG,CT,Male,Patient
TT,GG,CC,GG,CT,Male,Patient
TT,GG,CC,GG,TT,Male,Patient
TT,GG,CC,GG,TT,Male,Patient
TT,GG,CG,GG,TT,Male,Patient
TT,GG,GG,GG,CC,Male,Patient
TT,GG,GG,GG,CT,Male,Patient
TT,GG,CG,GG,TT,Male,Patient
TT,GG,CG,GG,CT,Male,Patient
TT,GG,GG,GG,TT,Male,Patient
TT,GG,CG,GG,TT,Male,Patient
TT,GG,GG,GG,TT,Male,Patient
TT,GG,CC,GG,CT,Male,Patient
TT,GG,CC,GG,CT,Male,Patient
TT,GG,CC,GG,CT,Male,Patient
TT,GG,CG,GG,CT,Male,Patient
TT,GG,CG,GG,TT,Male,Patient
TT,GG,GG,GG,TT,Male,Patient
TT,GG,GG,GG,TT,Male,Patient
TT,GG,CC,GG,CT,Male,Patient
TT,GG,CG,GG,CT,Male,Patient
TT,GG,CG,GG,CC,Male,Patient
TT,AA,CG,GG,CT,Male,Patient
TT,AA,GG,GG,TT,Male,Patient
TA,GG,CC,GG,TT,Male,Patient
TT,GG,GG,GG,TT,Male,Patient
TT,GA,CG,GG,CC,Male,Patient
TT,GG,CC,GG,CT,Male,Patient
TT,GG,CC,GG,CT,Male,Patient
TT,GG,GG,GG,CT,Male,Patient
TT,GG,GG,GG,CT,Male,Patient
TT,GG,CG,GG,TT,Male,Patient
TT,GG,GG,GG,CT,Male,Patient
TT,GG,GG,GG,CC,Male,Patient
TA,GG,GG,GG,CC,Male,Patient
TT,GG,CG,GG,CT,Male,Patient
TT,GG,GG,GG,CT,Male,Patient
TT,GG,GG,GG,CT,Male,Patient
TA,GG,GG,GG,TT,Male,Patient
TT,GG,GG,GG,CT,Male,Patient
TT,GG,CG,GG,CC,Male,Patient
TA,GG,CG,GG,TT,Male,Patient
TT,GG,GG,GG,CT,Male,Patient
TA,GG,GG,GG,TT,Male,Patient
TT,GG,GG,GG,CT,Male,Patient
TT,GG,CC,GG,CC,Male,Patient
TA,GG,GG,GG,CT,Male,Patient
TT,GG,CC,GG,TT,Male,Patient
TT,GG,CG,GG,TT,Male,Patient
TA,GG,CC,GC,CT,Male,Healthy
TT,GG,CC,GG,CC,Male,Healthy
TT,GG,CG,GG,CC,Male,Healthy
TT,GG,CC,GG,CT,Male,Healthy
TT,GG,CG,GG,CC,Male,Healthy
TT,GG,CG,GG,CC,Male,Healthy
TT,GG,CC,GG,TT,Male,Healthy
TT,GG,CG,GG,CT,Male,Healthy
TT,GG,GG,GG,CC,Male,Healthy
TA,GG,CG,GG,CC,Male,Healthy
TT,GG,CG,GG,CT,Male,Healthy
TT,GG,CG,GG,CC,Male,Healthy
TT,GG,CG,GG,CC,Male,Healthy
TT,GG,CC,GG,CT,Male,Healthy
TT,GG,CC,GC,CC,Male,Healthy
TA,GG,CC,GG,CC,Male,Healthy
TA,GG,CC,GC,TT,Male,Healthy
TT,GG,CC,GG,TT,Male,Healthy
TT,GG,CG,GG,TT,Male,Healthy
TT,GG,GG,GG,TT,Male,Healthy
TT,GG,CC,GG,CC,Male,Healthy
TT,GG,CG,GG,TT,Female,Healthy
TT,GG,CC,GG,TT,Female,Healthy
TA,GG,CG,GG,CT,Female,Healthy
TT,GG,CC,GG,CT,Female,Healthy
TT,GG,CC,GG,CC,Female,Healthy
TA,GG,CG,GC,CT,Female,Healthy
TT,GG,GG,GG,CT,Female,Healthy
TT,GG,CC,GG,CT,Female,Healthy
TT,GG,CC,GG,CT,Female,Healthy
AA,GG,CC,GG,CT,Female,Healthy
TT,GG,GG,GG,TT,Female,Healthy
TT,GG,CG,GG,CC,Female,Healthy
TT,GG,CC,GG,CC,Female,Healthy
TT,AA,CC,GG,CT,Female,Healthy
TA,AA,GG,GG,CC,Female,Healthy
TT,AA,CC,GG,CT,Female,Healthy
TT,GG,CG,GG,CC,Female,Healthy
TA,GG,CC,GG,CT,Female,Healthy
TT,GG,CG,GG,CT,Female,Healthy
TT,GG,CC,GG,CT,Female,Healthy
TT,GG,CC,GG,CT,Female,Healthy
TA,GG,CG,GC,CT,Female,Healthy
TT,GG,CG,GG,CT,Female,Healthy
TT,GG,CG,GG,CT,Female,Healthy
TT,GG,CC,GG,CC,Male,Healthy
TT,GG,CC,GG,CT,Male,Healthy
TT,GG,CG,GG,TT,Male,Healthy
TT,GG,CG,GG,TT,Male,Healthy
TA,GG,CC,GG,TT,Male,Healthy
TT,GG,CC,GG,TT,Male,Healthy
TT,GG,CC,GG,CT,Male,Healthy
TT,GG,CC,GG,CT,Male,Healthy
TA,GG,CC,GC,CT,Male,Healthy
TT,GG,CG,GG,TT,Male,Healthy
TT,GG,CG,GG,CC,Male,Healthy
TT,GG,CC,GG,CT,Male,Healthy
TT,GG,CC,GG,TT,Male,Healthy
TT,GG,CG,GG,CC,Male,Healthy
TT,GG,CC,GG,CT,Male,Healthy
TT,GG,CG,GG,CT,Male,Healthy
TT,GG,GG,GG,CT,Male,Healthy
TT,GG,CG,GG,CT,Male,Healthy
TT,GG,CC,GG,TT,Male,Healthy
TA,GG,CC,GG,TT,Male,Healthy
TT,GG,CC,GG,CT,Male,Healthy
TT,GG,CG,GG,CT,Male,Healthy
TT,GG,CC,GG,CT,Male,Healthy
TA,GG,CC,GG,TT,Male,Healthy
TT,GG,CC,GG,CT,Male,Healthy
TT,GG,CC,GG,CT,Male,Healthy
TT,GG,CG,GG,TT,Male,Healthy
TT,GG,CG,GG,CT,Male,Healthy
TT,GG,CG,GG,TT,Male,Healthy
TT,GG,CC,GG,TT,Male,Healthy
TT,GG,CG,GG,CT,Male,Healthy
TT,GG,CC,GG,TT,Male,Healthy
TT,GG,CC,GG,CT,Male,Healthy
TT,GG,CG,GG,CT,Male,Healthy
TT,GG,CG,GG,CT,Male,Healthy
TT,GG,CG,GG,CT,Male,Healthy
TT,AA,GG,GG,CT,Male,Healthy
TT,GG,CG,GG,CT,Male,Healthy
TT,GG,CC,GG,TT,Male,Healthy
TA,GG,GG,GC,TT,Male,Healthy
TT,GG,CG,GG,CT,Male,Healthy
TT,GG,CC,GG,CT,Male,Healthy
TT,GG,CC,GG,CC,Male,Healthy
TT,GG,CC,GG,CT,Male,Healthy
TT,GG,GG,GG,CT,Male,Healthy
TA,GG,CC,GC,CT,Male,Healthy
TT,GG,CC,GG,CT,Male,Healthy
TT,GG,CC,GG,TT,Male,Healthy
TT,GG,CC,GG,CT,Male,Healthy
TT,GG,CG,GG,CC,Male,Healthy
TT,GG,CC,GG,TT,Male,Healthy
TT,GG,CC,GG,CT,Female,Healthy
TA,GG,CC,GG,TT,Female,Healthy
TT,GG,CG,GG,CT,Female,Healthy
TT,GG,CG,GG,TT,Female,Healthy
TT,GG,CC,GG,CC,Female,Healthy
TT,GG,CC,GG,CC,Female,Healthy
TT,GG,CG,GG,TT,Female,Healthy
TT,GG,CC,GG,CC,Female,Healthy
AA,GG,CC,GG,TT,Female,Healthy
TT,GG,CC,GG,CT,Female,Healthy
TT,GG,CC,GG,CT,Female,Healthy
TT,GG,CC,GG,CT,Female,Healthy
TT,GG,CG,GG,CT,Female,Healthy
TA,GG,CG,GG,CT,Female,Healthy
TT,GG,CC,GG,TT,Female,Healthy
TT,GG,CG,GG,CT,Female,Healthy
TT,GG,CC,GG,CC,Female,Healthy
TT,GG,CC,GG,CC,Female,Healthy
TA,GG,CC,GC,CT,Female,Healthy
TA,GG,CG,GG,CC,Female,Healthy
TT,GG,CC,GG,TT,Female,Healthy
TT,GG,CC,GG,TT,Female,Healthy
TT,GG,CC,GG,CC,Female,Healthy
TT,GG,GG,GG,CT,Female,Healthy
